{"cameraMode":{"drawMode":0,"name":"Shaded","section":"Shading Mode"},"sceneLighting":true,"audioPlay":false,"sceneViewState":{"m_AlwaysRefresh":false,"showFog":false,"showSkybox":true,"showFlares":false,"showImageEffects":false,"showParticleSystems":false,"showVisualEffectGraphs":false,"m_FxEnabled":true},"in2DMode":false,"pivot":{"x":220.69509887695313,"y":132.1251983642578,"z":-0.0090484619140625},"rotation":{"x":0.015306026674807072,"y":-0.019501524046063424,"z":0.00029850107966922224,"w":0.9996969103813171},"size":105.24523162841797,"orthographic":false}